demand,topic,status,in_hand,to_pull,notes,refs,produced_ref,updated
1,"Hay sales by the dairy, 2015 to present",To collect,"FY2024/2023 reviewed FS (crops sold to third parties $121,148 in 2024)|1cqN3Cp2t9pMFiql2mXOYYZFZTxsSVZRm",2024 crop-sale invoices and buyer list; deposit images; GL 688000 Feed sales and hay/alfalfa accounts; hay-fire insurance claim file; Form 1065 Sch. F (Frazer),Two inconsistent explanations of 'Hay Cash Sales' already given (3/6 vs 5/1 drafts).,kit item 1; A-81,,2026-10-03
2,"Equipment sales, 2015 to present",To collect,,"Bills of sale, DMV transfers, deposit images, Form 4797, Frazer disposal schedule","2019 feed-truck sale ($8,500) first booked to Miscellaneous.",kit item 1,,2026-10-03
3,"Cow and calf sales, 2015 to present",To collect,"FY2024/2023 reviewed FS (cow sales, calf proceeds)|1cqN3Cp2t9pMFiql2mXOYYZFZTxsSVZRm",Sale-yard and buyer settlement statements; rendering pickups; deposit images,,kit items 1-2,,2026-10-03
4,All checks and monies from Prime Cattle (no date limit),To collect,Leal Summary - Prime Cattle.xlsx|1VGBML2d_FlOVNkmXhi8Q6pHaWCk2R-Gm;prime cattle QB summary.pdf|1p55Kg4HpZsyBeSmcc8oQ9Eg3egF2hIML,Prime Cattle purchase history 2015 to date; Citizens deposit images per Prime check; 606000-vs-Prime reconciliation (Frazer),Prime detail exceeds 606000 by ~$44K/$103K/$107K (2023-25); reconcile before producing more.,kit item 3; OI-92,,2026-10-03
5,"Herd inventories: births, deaths, transfers, dispositions (no date limit)",To collect,Herd Summary Frazer.xlsx|1wzAcIhJX7OiwCltTzZq0D-lMq6fUdaqA;BORNS.CSV|1vy01FhQkCsXjjOdfDrCv7q63XLB6zqxP;Herd Inventory 9.30.22.xlsx|1ZMA3XuNnIlEedQNrTYaKQutz2wbrty6W,Herd-software event export since 2015; AgWest borrowing-base reports 2017-2026; rendering records,"Prime bought 815-1,013 calves/yr vs 146-170 heifers sold in herd summary; daily calf receipts not kept (Instruction 6).",kit item 2,,2026-10-03
6,Cash distributions to Hazel's capital account; hoof-trimming records; cash rent,To collect,505000 Personal-Hazel 2009-2026 (S-41)|15NgOh-wM6-JIzTUvtgZIUw9aPq-2wPG0;Hazel Draws 9.22.22-1.31.25.xlsx|1HMjBSPjcexZxjwoyXSBKkOALzWY4UkH1;Hazel's draws 1-15-25 thru 5-7-26.pdf|1bBIP8sSpjtbTXcDlD-6BDpjNUEccc2bT,"505000 check images; Citizens ACH detail for the $6,000 monthly payments; trimmer invoice history 2015-; mobile-home facts (counsel only)","5/1 draft says third-party cash rent; client now says employee housing. Resolve before responding (OI-93). 'ht' cash charged to both partners, 50/50 in 2017-18.",A-68; A-69; A-70; OI-93,,2026-10-03
7,Partner contributions 2015 to present and source of funds,To collect,512000 Capital Cont.-Steve 2004-2026 (S-32)|1K8BSGBlDp8p-Bkd4trxMzynhOsckBZqX;512000 ledger printed 8/18/2017 (S-30)|1sf5rKftJWQsrm95oLqAaQxRVmjvaNzLB;515000 Personal-Steve 2009-2026 (S-42)|1wDIt4i7kJHM66KanNOTH08PocKIDW_E7,Steve's personal bank records for each deposit and repayment; Citizens deposit images; Frazer 'Item 6 - Leal Contributions.pdf',"Choose 'loan' or 'contribution' for the 2023 $360,000 before producing (A-77).",A-72; A-73; A-77; OI-80,,2026-10-03
8,"Donations after Hazel's death, with authority",To collect,2022 donations.pdf|19KanJWF9SHiK5GOUHw-c7Wi0LbZPjh4V;Steve Marla donations 2024.pdf|1oKePDllPEfc4MFauABHUGReJrnsQgj0Q,513000 GL with check images,All post-death donations charged to Steve's own capital. Church household statements do not tie; avoid producing them.,kit item 7,,2026-10-03
9,Transfer of the Bypass Trust capital account (FS Note 8),To collect,"Manuel C. Leal Living Trust, complete 2/14/2005|1RF6LFAfyDDXwDxRSliHUMqqo-KNjYPrZ;Certification of Trust, MC Leal Bypass Trust|1fNtAEqkkz-U0eIp4TQ0BZlWMSGrFWZXn;FY2024/2023 reviewed FS (Note 8)|1cqN3Cp2t9pMFiql2mXOYYZFZTxsSVZRm",2016 assignment into the Bypass; Frazer's 1/1/2023 transfer entry,No written assignment out of the Bypass located.,kit item 8,,2026-10-03
10,"2026 balloon: AP/AR, AgWest deposit to Citizens, payoff",To collect,Rodrigues Ranch Note (amortization)|1b_jf6r-yY-nkYbKzZl6VcfDwP40n1g7l;Rodrigues Ranch Escrow|10ZCnjymzZ2nTAHSwPnCw9Do7m6YvDnqU;Citizens register (3/4/2026 deposit and payoff) (S-29)|1XhazEklYhxAH27FlpuY6IqHSMEZ1muvR,March 2026 Citizens statement; AgWest Cow Line statement and advance confirmations 2/2026-4/2026; payoff demand; recorded reconveyance,"$600,000 Cow Line deposit and $637,853.98 payoff both 3/4/2026. Coded Cow Line, not 'operating line'. $2,684.81 vs schedule unexplained.",A-71; A-81,,2026-10-03
11,"Built Wright Construction: bids, invoices, job site, scope",To collect,"Citizens register: 27 checks, $1,479,054.85 (S-29)|1XhazEklYhxAH27FlpuY6IqHSMEZ1muvR",Contract and bids; invoices #1500-#1636; Tulare County building permit (site/APN); lien releases,"Frazer 2/3/2026: 'the new freestall' (Gmail 19c244dd811a1b04). #41972 is $80,148.76 in the register vs $80,146.76 in the demand.",A-82; OI-94,,2026-10-03
12,"C.I.G. payments, with four listed checks",To collect,"Citizens register: 52 payments, $280,462 (S-29)|1XhazEklYhxAH27FlpuY6IqHSMEZ1muvR",CIG declarations and location/vehicle schedules 2021-2026; Nationwide 2015-2021; agent premium allocation by location,Three of the four listed check numbers do not match the register.,OI-95,,2026-10-03
13,"United of Omaha payments, with three listed checks",To collect,Citizens register (S-29)|1XhazEklYhxAH27FlpuY6IqHSMEZ1muvR;515000 Personal-Steve: 12/31/2016 life-insurance reclass (S-42)|1wDIt4i7kJHM66KanNOTH08PocKIDW_E7,Policy; owner and beneficiary designations; lapse or cash-value records,Books treat the policy as Steve's personal (2016 reclass; 2018 coded to Steve). Listed checks remain coded as general insurance.,A-84; OI-95,,2026-10-03
14,"Morris Levin and Son: location, purpose, dairy expense",To collect,,Customer-account history (cust #561604) with ship-to / job,Internal schedule S-6 marks some Morris Levin work 'Work on Hazel's house'.,OI-96,,2026-10-03
15,"Phelps Oil: location, purpose, dairy expense",To collect,,C.P. Phelps account statements (acct #43180033) with product and delivery site,3/6/2026 answer admitted 'some personal fuel'.,OI-96,,2026-10-03
16,"Saltzman Auto Electric: location, purpose, dairy expense",To collect,,Saltzman invoices (acct 09650) with unit / VIN; dairy vehicle list,Spikes 2020-22 and 2026; Cummins and '454' engine work; vehicles not identified.,OI-96,,2026-10-03
17,"Turnupseed Electric: location, purpose, dairy expense",To collect,,Turnupseed invoices (cust #17230) with job sites,"Small ($3,962.61 since 2015).",OI-96,,2026-10-03
18,Insurance on Steve's separately owned investment properties,To collect,STEVE.HAZEL PERSONAL EXPENSES.xlsx (S-6)|1o5Re3q_6wZTRu_Mhh4yrtNqVrgFuKmBo,Policy schedules (same as #12); rental-house addresses; Frazer's treatment of Steve's share,"3/6/2026 answer: $2,170/yr for Steve's two rentals; the Hazel/Susan houses were $4,030/yr on the same policy.",A-75; OI-95,,2026-10-03
