date,date_certainty,event,source,citation,category,source_is_brief_only
1983-03-16,"exact (instrument, visually confirmed) — internal discrepancy noted","Partnership Agreement executed: partners' execution page handwritten '16' March 1983; spouses' consent page handwritten '10' March 1983 (both dates internal to the same instrument); daughter-and-spouse consent page UNSIGNED in the scan. Terms: Manuel C. 75% / Manuel S. (Steve) 25% ownership AND profit/loss; initial capital $636,105/$212,035 (exactly 25%); commencement recited as 1/1/1982; Art. XIX already contains the 90%-of-FMV rule for the both-parents-deceased buyout and a 2-of-3 binding appraiser mechanism; Art. XIX(1) references the $212,035 Note (note itself NOT attached). Settlement Recital A/C separately recites the $212,035 note at 9%. THE EXECUTED INSTRUMENT IS 75/25 — NOT 50/50.",Executed 1983 Partnership Agreement (OCR + visual date confirmation) + Settlement Agreement Recitals,"Partnership_Agreement.pdf 1s8TjF_blUghM1e-UdAHTUf6PuaDjCf8- (27 pp., all OCRd); extracts in 01-verified-facts/drive-sweep/valuations-instruments-sweep.md sec.10; Settlement Recitals A and C",financial,FALSE
1992-12-31,exact,"Partners' capital 12/31/1992: total $282,888 (Manuel $156,897 / Steve $125,991)",Reviewed financial statement,"Equity Accounts 1997-2015.pdf (1O7OGL798JcaTXginVNMIUgKtNV-ckK0l), FY1993/1992 stmt",financial,FALSE
1993-12-31,exact,"Partners' capital 12/31/1993: total $373,027 (Manuel $180,568 / Steve $192,459); withdrawals Manuel $82,430 / Steve $39,633",Reviewed financial statement,"Equity Accounts 1997-2015.pdf (1O7OGL798JcaTXginVNMIUgKtNV-ckK0l), FY1993/1992 stmt (Adair Evans Erwin Taylor & Gross)",financial,FALSE
1994-01-01,range,FY1994-FY1996 partnership capital statements NOT LOCATED IN AVAILABLE RECORDS. No finding of withholding or concealment.,Absence of document,Searched by title and full text across Litigation folder; no responsive document,gap,FALSE
1997-12-31,exact,"FY1997 withdrawals: Manuel/Hazel $16,231 / Steve $1,483",Draft reconciliation,Capital Analysis 8-3-2017 (1L357_kNU9uk4pZFm2K0LuajeckXW2GOg) p.1 [DRAFT],financial,FALSE
1998-12-31,exact,"FY1998 withdrawals: Manuel $19,909 / Steve $2,019",Reviewed financial statement,"Equity Accounts 1997-2015.pdf, FY1998 stmt",financial,FALSE
1999-12-31,exact,"FY1999 withdrawals: Manuel $63,254 / Steve $2,090",Reviewed financial statement,"Equity Accounts 1997-2015.pdf, FY1999 stmt",financial,FALSE
2000-00-00,NOT ESTABLISHED,"Kaweah Drive purchase / recording — NO DOCUMENT IN RECORD. Day-count gap to the $45,064 figure cannot be computed and is not reported.",No source,No responsive document located,gap,FALSE
2000-12-31,fiscal-year-aggregate,"FY2000 withdrawals: Manuel $51,208 / Steve $4,318. Manuel 'Personal' category = $45,064. THIS IS AN ANNUAL CATEGORY TOTAL, NOT A DATED DRAW.",Reviewed financial statement,"Equity Accounts 1997-2015.pdf, FY2000 stmt, Exhibit C",financial,FALSE
2001-12-31,exact,"FY2001 withdrawals: Manuel $44,821 / Steve $6,548",Reviewed financial statement,"Equity Accounts 1997-2015.pdf, FY2001 stmt",financial,FALSE
2002-00-00,NOT ESTABLISHED,Kaweah refinance (2002) — NO DOCUMENT IN RECORD,No source,No responsive document located,gap,FALSE
2002-12-31,exact,"FY2002 withdrawals: Manuel $42,620 / Steve $11,588",Reviewed financial statement,"Equity Accounts 1997-2015.pdf, FY2002 stmt",financial,FALSE
2003-00-00,NOT ESTABLISHED,Kaweah refinance (2003) — NO DOCUMENT IN RECORD,No source,No responsive document located,gap,FALSE
2003-12-31,exact,"FY2003 withdrawals: Manuel $34,882 / Steve $25,800",Reviewed financial statement,"Equity Accounts 1997-2015.pdf, FY2003 stmt",financial,FALSE
2004-00-00,NOT ESTABLISHED,Kaweah HELOC (2004) — NO DOCUMENT IN RECORD,No source,No responsive document located,gap,FALSE
2004-12-31,exact,"FY2004 withdrawals: Manuel $40,168 / Steve $26,088; capital contribution $10,573",Reviewed financial statement,"Equity Accounts 1997-2015.pdf, FY2004 stmt",financial,FALSE
2005-02-14,exact,"Manuel C. Leal Living Trust and Manuel C. Leal Bypass Trust established (uta dtd 2.14.05, as amended)",Trust instrument title,The Manuel C. Leal Living Trust and Bypass Trust uta dtd 2.14.05 as amended (1VJRX5Agth22AlVDzfyUXEshTUdnVtSFT) — INSTRUMENT NOT YET REVIEWED,estate,FALSE
2005-12-31,exact,"FY2005 withdrawals: Manuel $252,355 / Steve $13,146 (Manuel 'Personal' $243,256)",Reviewed financial statement,"Equity Accounts 1997-2015.pdf, FY2005 stmt",financial,FALSE
2006-00-00,NOT ESTABLISHED,Kaweah ARM (2006) — NO DOCUMENT IN RECORD,No source,No responsive document located,gap,FALSE
2006-12-31,exact,"FY2006 withdrawals: Manuel $52,212 / Steve $26,378; net LOSS $(114,303)",Reviewed financial statement,"Equity Accounts 1997-2015.pdf, FY2006 stmt",financial,FALSE
2007-12-31,exact,"FY2007 withdrawals: Manuel $234,832 / Steve $78,895",Reviewed financial statement,"Equity Accounts 1997-2015.pdf, FY2007 stmt",financial,FALSE
2008-11-03,exact,"Hazel J. Leal Revocable Trust dated November 3, 2008 established",Pleading caption,998 offer FINAL.pdf (11VQh2jHIMvTnhVQr2bcIVZjoXcwrudYB) caption; Mediation Brief (1bAo0s_6EL-Jc60VPzOCoCNDwlkiqDkzO) caption,estate,FALSE
2008-12-31,exact,"FY2008 withdrawals: Manuel $112,486 / Steve $29,446; net LOSS $(325,002)",Reviewed financial statement,"Equity Accounts 1997-2015.pdf, FY2008 stmt",financial,FALSE
2009-05-13,exact,"Steve and Marla Leal Living Trust dated May 13, 2009 established SUPPLEMENT (valuations sweep): the executed S&M Trust's Schedule A claims 'an undivided fifty percent (50%) interest' in the Partnership — vs 25% under the 1983 agreement and 30%+25% after the 2016 First Amendment (A-50).",Mediation brief,Mediation Brief p.2,estate,TRUE
2009-09-30,exact (recorded instrument),"Statement of Partnership RECORDED, Tulare County (8:01 AM): partners declared as the Manuel C. Leal Living Trust, the Hazel J. Leal Revocable Trust, and Steve & Marla Leal Living Trust co-trustees — 'The partners named above are all of the partners'; 'Any conveyance of real property held in the name of the Partnership shall be executed by all Partners.' Executed 5/13/2009; verifications Aug-Sep 2009. THE TRUSTS ARE THE RECORDED PARTNERS FROM 2009 — central to the Han v. Hallberg analysis.",Recorded Statement of Partnership (bound in Partnership_Agreement.pdf scan pp.22-27),Drive 1s8TjF_blUghM1e-UdAHTUf6PuaDjCf8-; extract 01-verified-facts/drive-sweep/valuations-instruments-sweep.md sec.10B,governance,FALSE
2009-12-31,exact,"FY2009 withdrawals: Manuel $97,869 / Steve $28,033; net LOSS $(103,937)",Reviewed financial statement,"Equity Accounts 1997-2015.pdf, FY2009 stmt",financial,FALSE
2010-12-31,exact,"FY2010 withdrawals: Manuel $50,119 / Steve $38,776",Reviewed financial statement,"Equity Accounts 1997-2015.pdf, FY2010 stmt",financial,FALSE
2011-02-23,as-recited (internal draft; unverified),"Promissory Note $1,125,000.00 executed in favor of Mary Jane Orozco (Heifer Ranch purchase; Chicago Title Escrow No. 11-42705244-FM); per the recital, signed personally by Hazel J. Leal as Trustee of the Hazel J. Leal Revocable Trust; all principal and interest due 15 years from close of escrow (2026 balloon). RECITED ONLY in our 5/18/2026 draft letter — underlying note NOT located. See OI-46. CORROBORATION (tax/banking sweep): partnership records independently show the liability — 'HEIFER RANCH 963,000' in loan balances 7.30.17.xlsx and QB 'N/P Rodrigues Ranch' $852,432.37 at 12/31/2020 (Rodrigues Ranch = heifer ranch, QB cost $1,275,274, 2011); the note itself remains unlocated (Rodrigues/Orozco PDFs on Drive are unreadable scans — OI-50).",Internal draft letter (recital),"'Formal Cover Letter (Updated)' 5/18/2026, Drive 1_PVcJQTx2bC53F4LklER7tN83_k7lSovwJk5AoHXevA; extract in 01-verified-facts/drive-sweep/drafts-proposals-sweep.md",financial,FALSE
2011-03-01,as-recited (internal draft; unverified),"First Deed of Trust (Orozco) recorded, Tulare County Doc. No. 2011-0012002, securing the $1,125,000 note. RECITED ONLY in our 5/18/2026 draft letter — recorded instrument NOT pulled. See OI-46.",Internal draft letter (recital),Same source as 2011-02-23 entry; extract in 01-verified-facts/drive-sweep/drafts-proposals-sweep.md,financial,FALSE
2011-12-31,exact,"FY2011 withdrawals: Manuel $41,507 / Steve $42,119 — STEVE DREW $612 MORE (ADVERSE)",Reviewed financial statement,"Equity Accounts 1997-2015.pdf, FY2011 stmt",financial-adverse,FALSE
2012-12-31,exact,"FY2012 withdrawals: Manuel $58,574 / Steve $51,460; capital contribution $126,028 (Steve $125,987). FY2012 net income restated: $297,871 vs $338,244 across statements.",Reviewed financial statement,"Equity Accounts 1997-2015.pdf, FY2012/2011 and FY2013/2012 stmts",financial,FALSE
2013-01-01,exact,"Prior period adjustment $(62,026) booked at 1/1/2013 (Note 5)",Reviewed financial statement,"Equity Accounts 1997-2015.pdf, FY2014/2013 stmt",financial,FALSE
2013-12-31,exact,"FY2013 withdrawals: Manuel $114,045 / Steve $61,624. 12/31/2013 balance restated $4,074,922 -> $4,029,406.",Reviewed financial statement,"Equity Accounts 1997-2015.pdf, FY2014/2013 and FY2013/2012 stmts",financial,FALSE
2014-12-31,exact,"FY2014 restated downward $10,478: balance $5,002,937 -> $4,992,459; net income $1,220,163 -> $1,209,685",Reviewed financial statement,"Equity Accounts 1997-2015.pdf, FY2015/2014 vs FY2014/2013 stmts",financial-adverse,FALSE
2014-12-31,exact,"FY2014 withdrawals: Manuel $110,081 / Steve $167,503 — STEVE DREW $57,422 MORE (ADVERSE). Steve 'Personal' $120,155 vs Manuel 'Personal' $7,333.",Reviewed financial statement,"Equity Accounts 1997-2015.pdf, FY2015/2014 stmt",financial-adverse,FALSE
2015-01-01,range,"Partnership-paid personal expenses schedule begins (through 12/6/2017): Hazel $66,072.53 / Steve $49,122.05 / Jace-Jordan $21,304.82 / Misc $12,915.95. CONTAINS EXPRESS ESTIMATES.",Internal schedule,STEVE.HAZEL PERSONAL EXPENSES.xlsx (1o5Re3q_6wZTRu_Mhh4yrtNqVrgFuKmBo) Sheet2,financial-adverse,FALSE
2015-01-01,range,"Shell Beach CARRYING COSTS paid by partnership, booked to Hazel (gardener, PG&E, South County Sanitary, San Luis Obispo property taxes, insurance). NO REMODEL OR CONSTRUCTION RECORD EXISTS.",Internal schedule,STEVE.HAZEL PERSONAL EXPENSES.xlsx Sheet2,financial,FALSE
2015-03-25,exact,MANUEL C. LEAL DATE OF DEATH — CONFIRMED BY EXECUTED INSTRUMENT. Hazel and Steve became successor Co-Trustees of the Manuel C. Leal Living Trust. Hazel entitled to all Bypass Trust account income MONTHLY from this date.,"Settlement Agreement Recital F, para 5","Settlement Agreement and Mutual Release, eff. 12/7/2017 (Ex. A to defendants' mediation brief, Drive 1BD14JDeC0VTQGemgiFgWkjmDG-kmo7ly), Recital F and para 5",estate,FALSE
2015-03-25,exact,Partnership capital transfer 'to Steve/Bypass Trust 3/25/15'. FY2015 is split at this date in the capital reconciliation. CONSISTENT WITH but NOT STATING Manuel C. Leal's date of death — no death certificate in record.,Draft reconciliation + reviewed stmts,"Capital Analysis 8-3-2017 pp.3, 6 [DRAFT]",estate,FALSE
2015-12-31,exact,"FY2015 withdrawals total $217,344 (Manuel $135,391 / Steve $81,953); capital contribution $346,052; 12/31/2015 total capital $5,478,612",Reviewed financial statement,"Equity Accounts 1997-2015.pdf, FY2015/2014 stmt",financial,FALSE
2016-00-00,NOT ESTABLISHED,"2016 gift deed — NO DOCUMENT IN RECORD. (A 'recorded Correction Grant Deed' is referenced in a 2017.08.08 letter to R. Esraelian, Drive 1Doyn_ceE6_xSv7dxpaaR3yrUGBZnD_La — NOT REVIEWED; relationship to any 2016 gift deed unverified.)",No source / unreviewed,No responsive document reviewed,gap,FALSE
2016-00-00,NOT ESTABLISHED,Xavier's PRIOR appraisal (2017 dispute) discounted minority interests between 20% and 30% depending on property characteristics. Our stated discount positions differ across documents: Complaint 20-30%; March 2025 offer 30%; July 2026 letter 25%; defendants' June 2025 counteroffer 15%.,Complaint,"Complaint (Ex. E to defendants' mediation brief, Drive 1BD14JDeC0VTQGemgiFgWkjmDG-kmo7ly), para 17",valuation,FALSE
2016-09-29,"exact (instrument date; signatures 'September __, 2016')",First Amendment to Partnership Agreement: partnership interests acknowledged as Hazel J. Leal Revocable Trust 37.5% / STEVE M. LEAL individually 30% / Steve & Marla Leal Living Trust 25% / Manuel C. Leal Bypass Trust 7.5% ('55% Steve' exists only as an aggregate). Recites Manuel died 3/25/2015 and his interest passed via his trust. Assignment-acknowledgment only — no new buyout/accounting terms. Drafted by Griswold LaSalle. Same date: Certification of the Bypass Trust (Hazel notarized by ROBYN L. ESRAELIAN 9/10/2016).,Executed First Amendment (2016.09.29 packet),Drive 11Q14ztzo47P4KmapKRXY3FSq1_B4Vbt4; extract 01-verified-facts/drive-sweep/valuations-instruments-sweep.md sec.9; certification sec.16,governance,FALSE
2016-12-31,exact,"FY2016 withdrawals: Manuel/Hazel $213,592 / Steve $83,626; net LOSS $(214,285)",Draft reconciliation,Capital Analysis 8-3-2017 p.3 [DRAFT],financial,FALSE
2017-03-22,exact (letter date),"Jace Leal 'adjust letter' to Aaron [Garabedian], RE Partnership Capital Accounts (pre-Settlement): proposes crediting Hazel an additional 12.5% of profits from 1997 and 12.5% of land equity; reconciles capital to Hazel 37.5%/Steve 55%; theorizes the $212,035 note's 9% interest ($19,083/yr) was drawn against Steve's capital and principal 'transferred on paper' by 1997; states 1994-96 financials unavailable. A second undated version (Drive metadata Jan 2024) reconciles to 62.5%. PRE-SETTLEMENT NEGOTIATION DOCUMENT — release-scope analysis required before characterizing (A-49).",Steve.Hazel adjust letter to aaron.docx,Drive 1JhY8tTN3QRUIHfio7y7SYGxkEoiqSdsU (+ twin 1Oqs1OafCkUSyUNx8TQIgkolo7JGUWFQZ); extract 01-verified-facts/drive-sweep/valuations-instruments-sweep.md secs.18-19,financial,FALSE
2017-08-03,exact,Capital Analysis prepared — 'DRAFT - FOR INTERNAL DISCUSSION PURPOSES ONLY'; presents both 50/50 and 75/25 profit-split scenarios,Internal draft,Manuel Leal & Son Dairy Capital Analysis 8-3-2017 (1L357_kNU9uk4pZFm2K0LuajeckXW2GOg),financial,FALSE
2017-12-07,exact,"Settlement Agreement and Mutual Release executed among Steve's Trust, Manuel's Trust, Hazel's Trust, and Plaintiff individually",Mediation brief,Mediation Brief p.2 (Exhibit A referenced; EXHIBIT NOT LOCATED),litigation,TRUE
2017-12-07,exact,"Settlement Agreement para 11/11(a): capital expenses >= $100,000 need both partners' approval; no loans to any partner and no borrowing without all partners' approval; Steve may draw on an established credit line up to $100,000 per 30-day period without approval. Hazel's approval not to be unreasonably withheld, decision within 10 days.",Settlement Agreement para 11,"Settlement Agreement and Mutual Release, eff. 12/7/2017 (Ex. A to defendants' mediation brief, Drive 1BD14JDeC0VTQGemgiFgWkjmDG-kmo7ly), para 11 and 11(a)",litigation-adverse,FALSE
2017-12-07,exact,Settlement Agreement para 13/15: RELEASE IS NARROW — releases only claims relating to 'the division of the real property'; para 15 states 'the only issues resolved by this Settlement Agreement is the division of identified real property and the valuation of the improvements identified in the Agreement.' Accounting/fiduciary claims appear NOT released.,"Settlement Agreement para 13, 15","Settlement Agreement and Mutual Release, eff. 12/7/2017 (Ex. A to defendants' mediation brief, Drive 1BD14JDeC0VTQGemgiFgWkjmDG-kmo7ly), para 13 and 15",litigation-adverse,FALSE
2017-12-07,exact,Settlement Agreement para 21/25: enforceable under CCP 664.6 in Tulare County Superior Court; each party bears own fees EXCEPT attorneys' fees incurred in ENFORCEMENT of the Agreement.,"Settlement Agreement para 21, 25","Settlement Agreement and Mutual Release, eff. 12/7/2017 (Ex. A to defendants' mediation brief, Drive 1BD14JDeC0VTQGemgiFgWkjmDG-kmo7ly), para 21 and 25",litigation,FALSE
2017-12-07,exact,"Settlement Agreement para 2: real property owned 37.5% Hazel/Hazel's Trust, 37.5% Manuel C. Leal Bypass Trust, 25% Steve and Marla.",Settlement Agreement para 2,"Settlement Agreement and Mutual Release, eff. 12/7/2017 (Ex. A to defendants' mediation brief, Drive 1BD14JDeC0VTQGemgiFgWkjmDG-kmo7ly), para 2",litigation,FALSE
2017-12-07,exact,"Settlement Agreement para 4 + Property Schedule: 311 Capistrano Ave., Pismo CA 93449, APN 010-252-077 (2,700 sf) owned 50% Hazel J. Leal Revocable Trust / 50% Susan Leal. THIS IS THE SHELL BEACH PROPERTY. Partnership holds NO interest.",Settlement Agreement para 4 + Ex. A Property Schedule,"Settlement Agreement and Mutual Release, eff. 12/7/2017 (Ex. A to defendants' mediation brief, Drive 1BD14JDeC0VTQGemgiFgWkjmDG-kmo7ly), para 4 and Exhibit A Property Schedule",financial,FALSE
2017-12-07,exact,Settlement Agreement para 8: PARTNERSHIP MUST PROVIDE HAZEL A MONTHLY ACCOUNTING BY THE 15th; respond to her questions by the 25th. Runs from execution to Hazel's death 9/23/2022 (~58 months). No evidence of compliance located.,Settlement Agreement para 8,"Settlement Agreement and Mutual Release, eff. 12/7/2017 (Ex. A to defendants' mediation brief, Drive 1BD14JDeC0VTQGemgiFgWkjmDG-kmo7ly), para 8",litigation-adverse,FALSE
2018-01-03,exact,"DEFECT: The proof of service bound into the 998 offer recites service and execution on JANUARY 3, 2018 — more than eight years before the July 2026 cover letter. Signed Georgia Davidson. Envelope address block contains NO STREET ADDRESS.",Document,"998 offer FINAL.pdf, Proof of Service page",litigation-adverse,FALSE
2018-06-00,month-only,Amended Partnership Agreement of Manuel C. Leal & Son Dairy entered; Art. XIII Sec. J — partnership to purchase Hazel's interest at 90% of appraised value including discounts,Mediation brief,"Mediation Brief pp.3, 6 (Exhibit C referenced; EXHIBIT NOT LOCATED)",litigation,TRUE
2018-06-00,exact,Partnership Agreement Art. I.B fixes the interests: MANUEL C. LEAL BYPASS TRUST 7.5%; STEVE M. LEAL 30%; HAZEL J. LEAL REVOCABLE TRUST 37.5%; STEVE AND MARLA LEAL LIVING TRUST 25%. Steve's side = 55%. RESOLVES THE POST-2018 ALLOCATION QUESTION.,Partnership Agreement,"Amended and Restated Partnership Agreement (Ex. C to defendants' mediation brief, Drive 1BD14JDeC0VTQGemgiFgWkjmDG-kmo7ly), Art. I.B",financial,FALSE
2018-06-00,exact,"Partnership Agreement Art. VI.E: a DEBIT balance in a Partner's Drawing Account, 'whether occasioned by drawings in excess of his share of Partnership profits,' is 'a liability of that Partner to the Partnership' and 'shall NOT reduce his interest in the capital of the Partnership.' EXPLAINS why Hazel's capital account stayed positive while excess distributions accrued, and confirms the Complaint's 'negative capital account' label is wrong.",Partnership Agreement,"Amended and Restated Partnership Agreement (Ex. C to defendants' mediation brief, Drive 1BD14JDeC0VTQGemgiFgWkjmDG-kmo7ly), Art. VI.E",financial,FALSE
2018-06-00,exact,"Partnership Agreement Art. XIII.B.1 EXPRESSLY DEFINES HAZEL'S DEATH AS A 'DISSOCIATING EVENT' and provides 'the Partnership shall purchase her Partnership Interest.' Art. XIII.B.2: on Hazel's death the Partnership continues, purchases at 90% of appraised value, 10% down, note amortized 20 years at 4% interest, due in 10 years. Art. XIII.D: on the death of STEVE or MARLA their interests pass by will/trust and are NOT subject to any buyout — a deliberate asymmetry.",Partnership Agreement,"Amended and Restated Partnership Agreement (Ex. C to defendants' mediation brief, Drive 1BD14JDeC0VTQGemgiFgWkjmDG-kmo7ly), Art. XIII.B.1, B.2, D",litigation,FALSE
2018-06-00,month-only,"TIC Agreement para 1(b): Partnership agrees to pay ALL expenses related to the TIC property (repairs, maintenance, taxes) in exchange for farming use. NOTE: TIC property is Tulare County only — does NOT cover the Pismo/Shell Beach parcel.",TIC Agreement para 1(b),"Tenants-in-Common Agreement (Ex. B to defendants' mediation brief), para 1(b)",financial,FALSE
2018-06-00,month-only,"TIC Agreement para 11 AND Partnership Agreement Art. XIII sec. J: THREE-APPRAISER FALLBACK — jointly appointed appraiser's written decision is binding and conclusive; if no agreement within 30 days of the triggering event, each side appoints one appraiser within 15 days; if those two cannot agree on value within 30 days they appoint a third; decision of any two of three binds. Costs of joint appraisers split equally; unilateral appraisers borne by the appointing party.",TIC para 11; Partnership Art. XIII sec. J,Tenants-in-Common Agreement (Ex. B) para 11; Amended Partnership Agreement (Ex. C) Art. XIII sec. J,litigation,FALSE
2018-06-00,month-only,"TIC Agreement para 2: STEVE M. LEAL is the initial Manager, uncompensated, responsible for maintenance of the books and records of the Property and for taxes and insurance. Para 3: all Owners waive any right to partition.","TIC Agreement para 2, 3","Tenants-in-Common Agreement (Ex. B), para 2 and 3",litigation-adverse,FALSE
2018-06-00,month-only,Tenants in Common Agreement entered; buyout at 90% of appraised value including discounts identified by appraiser; Sec. 11 requires jointly appointed appraiser whose decision is binding,Mediation brief,Mediation Brief pp.3-4 (Exhibit B referenced; EXHIBIT NOT LOCATED),litigation,TRUE
2018-06-07,exact,"DEADLINE (computed): Steve and Marla to pay Hazel $350,000 on the 1983 Note, 'on or before six (6) months from December 7, 2017.' PAYMENT STATUS NOT ESTABLISHED. Defendants assert the Note was not repaid.",Settlement Agreement para 6,"Settlement Agreement and Mutual Release, eff. 12/7/2017 (Ex. A to defendants' mediation brief, Drive 1BD14JDeC0VTQGemgiFgWkjmDG-kmo7ly), para 6",computed-deadline,FALSE
2018-07-26,exact,"EXECUTED Amended and Restated Partnership Agreement received by Griswold, LaSalle, Cobb, Dowd & Gin (receipt stamp). Signed by Steve (3 capacities), Hazel (2 capacities), and Marla; date line 'June __, 2018' left blank. Executed copy confirms Art. XIII verbatim and adds: Art. VI.B (Hazel's guaranteed care payments; purchase price reduced by her negative capital account; equalization draws), Art. IX.A.2 (majority vote for $100k+ capital expenses), Art. III (outside business opportunities permitted absent unanimous vote), Art. VII.D (annual audit, requester pays if clean), Art. V.A (pro-rata simultaneous distributions).",Executed agreement (client upload),"Leal_2018.07.24_Amended_and_Restated_Partnership_Agmt.pdf, signature pages and receipt stamp (client upload 8/18/2026)",litigation,FALSE
2018-10-31,month (from FCW 2018 annual statement),"Post-Settlement covenant datapoint: combined Farm Credit line draws in October 2018 total ~$400,000 in one month (Feed 10/1 $256,414.20 + Cow 10/1 $43,585.80 + 10/10 $100,000) — versus Settlement para. 11(a)'s $100,000/30-day cap. See adverse analysis A-41 (cuts against our side; defenses to assemble).",FCW 2018 annual statement,Drive 16ajAdlPwHuX7BZZ3NW_bOh5ASPn12mk4; detail in 01-verified-facts/drive-sweep/financials-tax-banking-sweep.md sec.4,financial,FALSE
2019-08-31,month (from FCW 2019 annual statement),"Post-Settlement covenant datapoint: combined Farm Credit draws in August 2019 ~$250,000 (Feed monthly top-up ~$81k + Cow 8/9 $150,000). Feed line drawn to a hard $1,000,000 ceiling through 2018-2019. See A-41.",FCW 2019 annual statement,Drive 1tG3_IHjiZbtPOmi9b5i7MqhbbsXOPwSf; detail in 01-verified-facts/drive-sweep/financials-tax-banking-sweep.md sec.4,financial,FALSE
2020-05-12,exact,"SBA EIDL loan $150,000 (3.75%, 30-yr) to the Partnership, signed 'Steve Leal, Owner/Officer' ALONE, granting a blanket UCC lien on ALL partnership personal property. No Trust-side signature. Covenant analysis required (Settlement para. 11(a) vs disaster-relief context) — A-41.",SBA EIDL loan documents,Drive folder 1XnyhV8eM2LBWOiEJQAw1F6GHJinKmHCb (Citizens statements folder); 01-verified-facts/drive-sweep/financials-tax-banking-sweep.md sec.5,financial,FALSE
2021-05-18,exact (first draw of the pattern),"Farm Credit draw pattern SHIFTS: from May 2021 onward, single $100,000 draw roughly once per month (5/18, 6/25, 7/26, 8/5, 9/15, 10/28, 11/24, 12/7/2021), no month over $100k after April 2021 — matching Settlement para. 11(a)'s cap. Examinable both ways: compliance awareness or structuring. A-41.",FCW 2021 annual statement,Drive 15I1sctPf-O8Ik5mdINeGwSmBiArdvWb1; 01-verified-facts/drive-sweep/financials-tax-banking-sweep.md sec.4,financial,FALSE
2022-08-30,exact,"KEY EMAIL — 24 DAYS BEFORE HAZEL'S DEATH. Robyn Esraelian to Jace Leal and Lauren Garabedian Ruff (tgg-cpa.com), cc Susan Leal, 'RE: Hazel - Dairy Profit Distribution': 'Lauren and I have reviewed this and agree with YOUR calculation of the profit due to Hazel personally and to Hazel as beneficiary of the Bypass Trust, for the period 2015-2021 in the amount of $850,894.54.' BUT the same email directs that distribution be made ON AN ANNUAL BASIS, capped at (1) Hazel's basis in the partnership 'taking into account distributions for her medical and care expenses' and (2) the Bypass Trust's basis, coordinated with Mike Edwards (Frazer) to avoid capital gains tax. So: amount agreed (computed by OUR side); payment schedule prescribed by THEIR counsel as multi-year and basis-capped; Hazel died 9/23/2022 before it could run.",Email (client-provided screenshot),"Email, R. Esraelian to J. Leal & L. Garabedian Ruff, cc S. Leal, 8/30/2022 9:00 AM PDT, 'RE: Hazel - Dairy Profit Distribution' — transcribed from client screenshot 8/18/2026; NATIVE EMAIL AND FULL THREAD TO BE PULLED (mailbox search shows 133 results)",financial,FALSE
2022-09-23,exact,HAZEL J. LEAL DATE OF DEATH. Defendants become Successor Co-Trustees. THIS IS THE VALUATION DATE for both buyout formulas and for the 998 offer. NO DEATH CERTIFICATE IN RECORD.,Mediation brief,Mediation Brief p.3,estate,TRUE
2022-10-23,computed,COMPUTED: 30 days after Hazel's death — outside date under TIC para 11 / Partnership Art. XIII sec. J to agree on a single appraiser before the each-side-appoints-one fallback is triggered. NEITHER SIDE INVOKED THE MECHANISM.,Computation,Derived from TIC para 11 / Art. XIII sec. J and DOD 9/23/2022,computed-deadline,FALSE
2022-10-31,exact,"Plaintiff's counsel emails defendants' then-counsel Robyn Esraelian re representation, closing Manuel's Trust, and exercise of purchase option",Mediation brief,Mediation Brief p.3,litigation,TRUE
2022-12-31,tax-year (2022 Form 1065),"2022 partnership return: FINAL K-1s issued to Hazel individually (37.5 to 0) and the Manuel C. Leal Bypass Trust (7.5 to 0); NEW K-1 opens for Hazel J Leal Revocable Trust UDT 11/3/2008 (EIN 88-6746852) at 37.5% with $93,988 income, $11,172 distributions, $1,841,569 recourse-liability share; Steve 55 to 62.5. THE key post-death-status document — see post-death-profits-issue.md sec.12, A-40.",2022 Form 1065 + K-1s,Drive 1NYjpL9xYDMFXyHoNDy3IHkmgkUQc9dEa; K-1 table in 01-verified-facts/drive-sweep/financials-tax-banking-sweep.md sec.2,financial,FALSE
2023-01-01,exact,"NOTE 8: 'In 2022, Hazel Leal passed away and the Manuel Leal Bypass Trust was dissolved. On January 1, 2023, the partnership interest of the Manuel Leal Bypass Trust was transferred to Steve Leal.' $821,249 of capital moves from the Bypass Trust column to Steve's. Bypass column reads $0 thereafter. Defendants not shown to have been notified.",Reviewed financial statement,"Manuel Leal & Son Dairy, FY2024/2023 Statements, Frazer LLP review report 2/18/2025 (Drive 1cqN3Cp2t9pMFiql2mXOYYZFZTxsSVZRm), Note 8",financial-adverse,FALSE
2023-01-04,exact,Robyn Esraelian (defendants' counsel) opens contact with Brandon Ormonde re the Manuel Leal Trust.,Email exhibit,"Complaint Exhibits (bound into defendants' mediation brief, Drive 1BD14JDeC0VTQGemgiFgWkjmDG-kmo7ly), Ex. F thread",litigation,FALSE
2023-02-03,exact,Counsel phone call — parties agree to use William Reddington for Partnership appraisal,Mediation brief,Mediation Brief p.6,litigation,TRUE
2023-02-06,exact,Defendants' counsel emails William Reddington confirming engagement,Mediation brief,Mediation Brief pp.6-7 (Exhibit H; NOT LOCATED),litigation,TRUE
2023-02-06,exact,"Esraelian engages Bill Reddington by email, copying Ormonde, attaching the Partnership Agreement: 'we need to value Hazel's 37.5% interest in the dairy.' NOTE: defendants' counsel characterizes Hazel's DAIRY PARTNERSHIP interest as 37.5%.",Email exhibit,"Complaint Exhibits (bound into defendants' mediation brief, Drive 1BD14JDeC0VTQGemgiFgWkjmDG-kmo7ly), Ex. D",litigation,FALSE
2023-02-15,exact,"DEFENDANTS' COUNSEL PROPOSES CORREIA-XAVIER, unprompted: 'Based on information from Bill Reddington, do you have any thoughts about using Xavier-Correrria? Or are you thinking of using anyone else. I'd like to get on this as soon as possible.'",Email exhibit,"Complaint Exhibits (bound into defendants' mediation brief, Drive 1BD14JDeC0VTQGemgiFgWkjmDG-kmo7ly), Ex. E",litigation,FALSE
2023-02-15,exact,Defendants' counsel asks about using Correia-Xavier for real property appraisal,Mediation brief,Mediation Brief p.4 (Exhibit D; NOT LOCATED),litigation,TRUE
2023-03-09,exact,Esraelian: 'We just need to decide on a real estate appraiser.' Ormonde replies same morning: 'They are good using Correia-Xavier again to value the real estate since they have been used previously.',Email exhibit,"Complaint Exhibits (bound into defendants' mediation brief, Drive 1BD14JDeC0VTQGemgiFgWkjmDG-kmo7ly), Ex. F",litigation,FALSE
2023-03-09,exact,Plaintiff's counsel agrees to Correia-Xavier,Mediation brief,Mediation Brief p.4 (Exhibit E; NOT LOCATED),litigation,TRUE
2023-03-21,exact,Defendants' counsel emails Xavier: appraisal sought 'for the purposes of the Tenants in Common Agreement buyout provisions and for the dairy partnership valuation',Mediation brief,Mediation Brief p.4 (Exhibit F; NOT LOCATED),litigation,TRUE
2023-03-21,exact,"KEY DOCUMENT. Esraelian emails Stan Xavier, copying Ormonde, ATTACHING THE TENANTS IN COMMON AGREEMENT: 'Attached is the Tenants in Common Agreement that sets forth the terms of the buy-out... We are seeking an appraisal of the properties for purposes of the Tenants in Common Agreement Buy out provisions and for the Dairy Partnership valuation... Brandon: please confirm the properties are correct.' DIRECT EVIDENCE OF JOINT APPOINTMENT FOR BUYOUT PURPOSES.",Email exhibit,"Complaint Exhibits (bound into defendants' mediation brief, Drive 1BD14JDeC0VTQGemgiFgWkjmDG-kmo7ly), Ex. G",litigation,FALSE
2023-04-06,exact,Phone conference between both counsel and Xavier re retention and scope,Mediation brief,Mediation Brief p.4,litigation,TRUE
2023-05-08,exact,"STAN XAVIER'S EMAIL, after the joint call with both counsel, stating he is WAITING FOR THE PARTIES TO DEFINE THE SCOPE for the buyout appraisal. Quoted in Ex. K. THE EMAIL ITSELF IS NOT AN EXHIBIT AND IS NOT IN THIS WORKSPACE — highest-priority retrieval (OI-28).",Email exhibit,"Complaint Exhibits (bound into defendants' mediation brief, Drive 1BD14JDeC0VTQGemgiFgWkjmDG-kmo7ly), quoted in Ex. K",litigation,FALSE
2023-06-19,exact,"TCFCU vehicle loan $55,085 (2021 Ram 2500), signed Steve + Marla only — post-Complaint-period borrowing without Trust-side signature. A-41.",TCFCU loan documents,LOANS DEEDS folder; 01-verified-facts/drive-sweep/financials-tax-banking-sweep.md sec.5,financial,FALSE
2023-06-20,exact,"Defendants' counsel emails Jace Leal (copying plaintiff's counsel) confirming Xavier for real property and Reddington for partnership, first for the federal estate tax return then for the buyouts; requests additional business information",Mediation brief,Mediation Brief p.5 (Exhibit G; NOT LOCATED),litigation,TRUE
2023-06-20,exact,"Esraelian emails Jace Leal AND Brandon Ormonde, cc Ashley Garabedian and Susan Leal: appraisals are 'for purposes of Hazel's federal estate tax return and then for the Tenants in Common agreement Buy out'; Xavier for land, Reddington for the dairy; attaches Reddington's information request list.",Email exhibit,"Complaint Exhibits (bound into defendants' mediation brief, Drive 1BD14JDeC0VTQGemgiFgWkjmDG-kmo7ly), Ex. H",litigation,FALSE
2023-08-08,exact,"Correia-Xavier real property appraisal dated; date-of-death total value $14,220,000; performed on 100% ownership; NO DISCOUNTS APPLIED",Mediation brief,Mediation Brief pp.5-6 (APPRAISAL NOT IN RECORD),valuation,TRUE
2023-08-17,exact,Jace Leal emails Esraelian asking her to send the land appraisal to Mike Edwards at Frazer for tax return purposes.,Email exhibit,"Complaint Exhibits (bound into defendants' mediation brief, Drive 1BD14JDeC0VTQGemgiFgWkjmDG-kmo7ly), Ex. I thread",litigation,FALSE
2023-08-18,exact,"Correia-Xavier appraisal 'completed' per brief; defendants decline to release it, contending it contains errors. NOTE: internal tension with the 8/8/2023 date on the same document.",Mediation brief,Mediation Brief p.5,valuation,TRUE
2023-08-18,exact,Defendants' counsel emails plaintiff's counsel: the Correia-Xavier land appraisal is COMPLETE and she will release it 'by next week' after review with clients. (Complaint Ex. I — not in workspace),Complaint,"Complaint (Ex. E to defendants' mediation brief, Drive 1BD14JDeC0VTQGemgiFgWkjmDG-kmo7ly), para 31",litigation,FALSE
2023-08-18,exact,"Esraelian to Jace Leal, cc Ormonde: 'I just received the land appraisal and am reviewing it with my clients. I will send it over to Brandon by next week... we have not started the business valuation since that follows from the land appraisal.'",Email exhibit,"Complaint Exhibits (bound into defendants' mediation brief, Drive 1BD14JDeC0VTQGemgiFgWkjmDG-kmo7ly), Ex. I",litigation,FALSE
2023-09-26,exact,"Esraelian to Ormonde: appraisals still not final. ADVERSE — asserts 'There was an agreement as to the amount of the profit distribution owed to Hazel from 2015 through 2021 in the amount of $850,894.54' and demands payment; notes Susan and Ashley are being asked to sign a dairy LOC extension and are reluctant absent good faith. NO RESPONSE APPEARS IN THE RECORD.",Email exhibit,"Complaint Exhibits (bound into defendants' mediation brief, Drive 1BD14JDeC0VTQGemgiFgWkjmDG-kmo7ly), Ex. J",litigation-adverse,FALSE
2023-09-26,exact,More than a month later the Xavier appraisal has still not been released; defendants' counsel acknowledges by email they are still talking to Xavier directly. (Complaint Ex. J — not in workspace),Complaint,"Complaint (Ex. E to defendants' mediation brief, Drive 1BD14JDeC0VTQGemgiFgWkjmDG-kmo7ly), para 32",litigation,FALSE
2023-10-28,exact,Esraelian: Susan and Ashley already signed the dairy LOC forms. (Working remotely; her father on hospice.),Email exhibit,"Complaint Exhibits (bound into defendants' mediation brief, Drive 1BD14JDeC0VTQGemgiFgWkjmDG-kmo7ly), Ex. K thread",litigation,FALSE
2023-11-15,exact,"Ormonde to Esraelian: objects that Ashley told Jace J. Hower & Associates would be reaching out; restates the prior agreement to use Xavier and Reddington; cites Stan Xavier's May 8, 2023 email showing Xavier 'is waiting for us to define the scope for appraising the property for purposes of buyout'; asks to set parameters.",Email exhibit,"Complaint Exhibits (bound into defendants' mediation brief, Drive 1BD14JDeC0VTQGemgiFgWkjmDG-kmo7ly), Ex. K",litigation,FALSE
2023-11-15,exact,"Plaintiff's counsel emails objecting that a new appraiser, J. Hower & Associates, is being retained, and restating the prior agreement to use Correia-Xavier and Reddington. (Complaint Ex. K — not in workspace)",Complaint,"Complaint (Ex. E to defendants' mediation brief, Drive 1BD14JDeC0VTQGemgiFgWkjmDG-kmo7ly), para 33",litigation,FALSE
2023-11-28,exact,"Phone call: defendants' counsel states defendants will NOT accept the Correia-Xavier appraisal, disagreeing with the valuation due to 'errors'.",Complaint,"Complaint (Ex. E to defendants' mediation brief, Drive 1BD14JDeC0VTQGemgiFgWkjmDG-kmo7ly), para 34",litigation,FALSE
2023-12-13,exact,"J. Hower & Associates real property appraisal dated; total value $18,100,000; NO DISCOUNTS APPLIED",Mediation brief,Mediation Brief p.6 (APPRAISAL NOT IN RECORD),valuation,TRUE
2023-12-31,exact,"FY2023: Dairy net LOSS $(888,608). Allocated Steve $(555,380) / ESTATE OF HAZEL LEAL $(333,228) — i.e. 62.5%/37.5%. Withdrawals charged to Estate of Hazel Leal: $8,598. Capital 12/31/2023: Steve $5,985,133 / Estate of Hazel Leal $2,531,990. ADVERSE: our own reviewed statements continue allocating profit and loss to Hazel's estate after her death.",Reviewed financial statement,"Manuel Leal & Son Dairy, FY2024/2023 Statements, Frazer LLP review report 2/18/2025 (Drive 1cqN3Cp2t9pMFiql2mXOYYZFZTxsSVZRm), Exhibit C",financial-adverse,FALSE
2024-06-07,exact,"Ormonde recommends Donovan Trone, CFA/ASA, Director at Moss Adams, as business appraiser.",Email exhibit,"Complaint Exhibits (bound into defendants' mediation brief, Drive 1BD14JDeC0VTQGemgiFgWkjmDG-kmo7ly), Ex. L",litigation,FALSE
2024-06-07,exact,Plaintiff's counsel recommends Moss Adams as qualified business appraiser (following Reddington's death),Mediation brief,Mediation Brief p.7 (Exhibit I; NOT LOCATED),litigation,TRUE
2024-07-01,exact,Defendants' counsel emails re Moss Adams availability,Mediation brief,Mediation Brief p.7 (Exhibit J; NOT LOCATED),litigation,TRUE
2024-07-01,exact,Esraelian: 'Ashley has been in discussions about the appraisal with Dustin Snyder with Moss Adams. I believe Donovan is no longer with Moss Adams.',Email exhibit,"Complaint Exhibits (bound into defendants' mediation brief, Drive 1BD14JDeC0VTQGemgiFgWkjmDG-kmo7ly), Ex. M",litigation,FALSE
2024-07-08,exact,"Kubota Credit financing $34,402.50 (MX5400 tractor), applicant the Partnership, signed by Steve — borrowing without Trust-side signature during litigation run-up. A-41.",Kubota loan documents,LOANS DEEDS folder; 01-verified-facts/drive-sweep/financials-tax-banking-sweep.md sec.5,financial,FALSE
2024-07-10,exact,Defendants' counsel emails that defendants are UNILATERALLY retaining Moss Adams as business appraiser for the Hazel Trust. (Complaint Ex. N — not in workspace),Complaint,"Complaint (Ex. E to defendants' mediation brief, Drive 1BD14JDeC0VTQGemgiFgWkjmDG-kmo7ly), para 37",litigation,FALSE
2024-07-10,exact,"Esraelian: 'Susan and Ashley, as Trustees of Hazel's Trust have determined to retain Dustin Snyder of Moss Adams.' Ormonde objects the same afternoon: 'I'm kind of surprised they retained Moss Adams already. I am the one who suggested them pertaining to an agreed upon joint appraisal.' RETENTION DECISION PRECEDES ANY JACE CONVERSATION BY SIX DAYS.",Email exhibit,"Complaint Exhibits (bound into defendants' mediation brief, Drive 1BD14JDeC0VTQGemgiFgWkjmDG-kmo7ly), Ex. N",litigation,FALSE
2024-07-16,exact,"Defendants' counsel responds that defendants and JACE LEAL had agreed to use Dustin Schneider at Moss Adams. Plaintiff's counsel immediately requests a joint scoping meeting; defendants' counsel thereafter refuses to respond to phone calls. ADVERSE: our own pleading records Jace Leal, not counsel, as the channel of agreement. (Complaint Ex. N)",Complaint,"Complaint (Ex. E to defendants' mediation brief, Drive 1BD14JDeC0VTQGemgiFgWkjmDG-kmo7ly), para 37",litigation-adverse,FALSE
2024-07-16,exact,"Esraelian: 'Apparently, Ashley talked to Jace directly and Jace agreed with using Dustin from Moss Adams. We have not yet signed the engagement letter.' Ormonde objects same day: 'we also need to talk to him jointly... he would need to know the parameters of the appraisal and the terms of the buyout.'",Email exhibit,"Complaint Exhibits (bound into defendants' mediation brief, Drive 1BD14JDeC0VTQGemgiFgWkjmDG-kmo7ly), Ex. N",litigation,FALSE
2024-09-10,exact,"MOSS ADAMS REVIEW LETTER (Steven A. Klett, MAI, CA Lic. AG-026235) to Esraelian. Finds no obvious errors or omissions in either appraisal; both credible; both appraisers qualified; slight advantage to Correia-Xavier for a more detailed report. ADVERSE: 'it is not possible to conclude to a supportable indication of value as both reports are equally credible,' and notes 'the CX appraiser (hired by the potential buyer) came up with a lower value for every component.' Recommends a jointly hired third appraiser or averaging. MARKED 'FOR CLIENT USE ONLY. NOT TO BE RELIED UPON BY THIRD PARTIES.' Desk-top review; no inspection; no math check; states it is not intended to comply with USPAP.",Email exhibit,"Complaint Exhibits (bound into defendants' mediation brief, Drive 1BD14JDeC0VTQGemgiFgWkjmDG-kmo7ly), Ex. Q",valuation,FALSE
2024-09-22,exact (report date),"Edwards, Lien & Toso personal property appraisal issued (inspection 9/9/2024): cattle $3,990,000 / equipment $645,000 / feed $2,080,000 / pool quota $715,000 — 'retrospective to September 30, 2022, which was the reported date of death of Hazel J. Leal' (A THIRD death-date variant; see A-48/OI-53). Values feed Moss Adams BV Exhibit 15.",EL&T appraisal report,Drive 1j8YCVJRHiwfY51A8r998aHVTGUqugzQi; extract 01-verified-facts/drive-sweep/valuations-instruments-sweep.md sec.6,valuation,FALSE
2024-09-26,exact,"Ashley Garabedian emails Jace Leal directly, cc Esraelian: both appraisals credible per Moss Adams; proposes averaging; states 'I'm reaching out to you directly because there have been continual delays when waiting for a response from Mr. Ormonde.' Also discloses a PERSONAL PROPERTY APPRAISAL recently completed and required to finalize the business valuation — never seen in this workspace.",Email exhibit,"Complaint Exhibits (bound into defendants' mediation brief, Drive 1BD14JDeC0VTQGemgiFgWkjmDG-kmo7ly), Ex. O",litigation,FALSE
2024-09-26,exact,Defendant Ashley emails Jace Leal directly: two real property appraisals plus Moss Adams analysis finding BOTH Correia-Xavier and J. Hower credible despite the valuation gap; suggests AVERAGING the values; attributes delay to plaintiff's counsel. (Complaint Ex. O — not in workspace),Complaint,"Complaint (Ex. E to defendants' mediation brief, Drive 1BD14JDeC0VTQGemgiFgWkjmDG-kmo7ly), para 38",litigation,FALSE
2024-11-18,exact,"Moss Adams Partnership Valuation dated; concluded value $2,840,000; minority interest and discounts applied",Mediation brief,Mediation Brief p.7 (VALUATION NOT IN RECORD),valuation,TRUE
2024-11-18,exact,"Moss Adams REVIEW LETTER on the two real property appraisals: both found valid, different approaches used, and 'no errors or an improper appraisal performed by Correia Xavier.' STRONGEST FACT FOR OUR SIDE. Document is Complaint Ex. Q and is NOT in this workspace — obtain it.",Complaint,"Complaint (Ex. E to defendants' mediation brief, Drive 1BD14JDeC0VTQGemgiFgWkjmDG-kmo7ly), para 45 (Ex. Q not reviewed)",valuation,FALSE
2024-12-31,exact,"AgWest Farm Credit lines: herd line max $1,700,000, feed line max $300,000, 8.30% at 12/31/2024. LOC balance moved $913,420 (12/31/2023) to $0 (12/31/2024); cash $0 with a $99,279 bank overdraft at 12/31/2024. RELEVANT TO THE SETTLEMENT AGREEMENT PARA 11(a) $100,000-PER-30-DAY BORROWING CAP — monthly LOC statements required to assess.",Reviewed financial statement,"Manuel Leal & Son Dairy, FY2024/2023 Statements, Frazer LLP review report 2/18/2025 (Drive 1cqN3Cp2t9pMFiql2mXOYYZFZTxsSVZRm), Notes 2 and 3, balance sheet",financial-adverse,FALSE
2024-12-31,exact,"FY2024: Dairy net income $2,026,658. Allocated Steve $1,266,661 / ESTATE OF HAZEL LEAL $759,997 (62.5%/37.5%). Withdrawals charged to Estate of Hazel Leal: $73,192, including 'Personal' $70,441. Capital 12/31/2024: Steve $7,176,923 / Estate of Hazel Leal $3,218,795. NET FY2023+FY2024 ALLOCATION TO HAZEL = $426,769 after the FY2023 loss — far below the $1,617,761 claimed through Dec 2024.",Reviewed financial statement,"Manuel Leal & Son Dairy, FY2024/2023 Statements, Frazer LLP review report 2/18/2025 (Drive 1cqN3Cp2t9pMFiql2mXOYYZFZTxsSVZRm), Exhibit C",financial-adverse,FALSE
2024-12-31,exact,"Note 6 related party: JL Ag provides harvesting services to the Dairy; paid $22,102 (2024) and $13,330 (2023). No BioGas or Feedstock lease is disclosed anywhere in the FY2024/2023 statements — the only lease disclosed is a solar equipment finance lease from Farm Credit Leasing expiring October 2026.",Reviewed financial statement,"Manuel Leal & Son Dairy, FY2024/2023 Statements, Frazer LLP review report 2/18/2025 (Drive 1cqN3Cp2t9pMFiql2mXOYYZFZTxsSVZRm), Notes 5 and 6",financial,FALSE
2024-12-31,tax-year (2024 Form 1065),"2024 partnership return CONTINUES Steve 62.5 / Hazel Revocable Trust 37.5: Trust allocated $375,483 ordinary income, $82,441 cash distributions, $1,499,399 recourse-liability share — two tax years post-death. (2023 Form 1065 ABSENT from Drive — OI-48.) See post-death-profits-issue.md sec.12, A-40.",2024 Form 1065 + K-1s,Drive 19vCxylD2zSBrfXak-Ifd66TceRjkDraE; 01-verified-facts/drive-sweep/financials-tax-banking-sweep.md sec.2,financial,FALSE
2025-01-17,exact,"Ashley Garabedian emails Jace Leal the appraisals, review and valuation, cc Steve and Susan Leal: 'For clarity and simplicity, my preference is that you retain these documents and forward them to Brandon Ormonde, your attorney, at your discretion.' STRONGEST SUPPORT FOR THE WITHHOLDING ALLEGATION.",Email exhibit,"Complaint Exhibits (bound into defendants' mediation brief, Drive 1BD14JDeC0VTQGemgiFgWkjmDG-kmo7ly), Ex. P",litigation,FALSE
2025-01-17,exact,Defendant Ashley Garabedian emails appraisals and Moss Adams findings to Jace Leal,Mediation brief,"Mediation Brief pp.5, 7",litigation,TRUE
2025-02-13,exact (file date in name; sheets dated 2.5.25/2.13.25),"Client 'Appraisal Summary' workbook built: buyout rebuilt as $4,902,101.78 (average of CX and CX/JHA-average) − $262,592 − $194,352.65 + interest through 2/28/2025 $455,584.32 = $4,900,741.45; separate sheet shows 'excess draws −591,235' (a THIRD variant vs $591,965); loan calculators at 4% and at 8%; 'MA Valuation - Less Trees/Improvements 3,101,000' row derives the $1,162,875. Precursor to the 3/3/2025 offer.",Appraisal Summary 2.13.25 (1).xlsx,Drive 1bW44eOIrVf8csZpOjV_nbF2J8pDVILG2; extract 01-verified-facts/drive-sweep/valuations-instruments-sweep.md sec.20,valuation,FALSE
2025-02-18,exact,"Frazer LLP issues a QUALIFIED review conclusion on the FY2024/2023 statements: $1,391,112 of debt due within one year shown as long-term 'at the request of the Dairy's management,' and farming operations presented net rather than gross, both departures from GAAP.",Reviewed financial statement,"Manuel Leal & Son Dairy, FY2024/2023 Statements, Frazer LLP review report 2/18/2025 (Drive 1cqN3Cp2t9pMFiql2mXOYYZFZTxsSVZRm), Independent Accountants' Review Report",financial-adverse,FALSE
2025-03-03,exact,"Ormonde's offer letter, $3,950,565.28, with the full computation: land $3,360,922.43 + partnership $1,046,587.50 = $4,407,509.93; less $262,592.00 excess distributions during Hazel's lifetime and $194,352.65 distributions after her death. ARITHMETIC VERIFIED. Attaches a worksheet (Ex. A) and Frazer's capital-account summary (Ex. B) — NEITHER IN THIS WORKSPACE. This is the computation behind the mislabelled 'negative capital account' allegation.",Email exhibit,"Complaint Exhibits (bound into defendants' mediation brief, Drive 1BD14JDeC0VTQGemgiFgWkjmDG-kmo7ly), Ex. R",settlement,FALSE
2025-03-03,exact,"Plaintiff's letter identifying deficiencies; buyout offer $3,950,565.28 (30% minority discount; improvements removed; Hazel's asserted negative capital account taken into account)",Mediation brief,Mediation Brief p.8 (Exhibit K; NOT LOCATED),settlement,TRUE
2025-05-23,exact,"Ormonde's second letter: recounts the history, states Moss Adams 'found no errors in that appraisal' and 'validated the findings.' NOTE: 'validated the findings' overstates Ex. Q, which expressly declined to conclude a supportable value.",Email exhibit,"Complaint Exhibits (bound into defendants' mediation brief, Drive 1BD14JDeC0VTQGemgiFgWkjmDG-kmo7ly), Ex. S",settlement,FALSE
2025-05-23,exact,"Plaintiff sends a second letter asking the status of the March 3, 2025 offer; no response received. (Complaint Ex. S — not in workspace)",Complaint,"Complaint (Ex. E to defendants' mediation brief, Drive 1BD14JDeC0VTQGemgiFgWkjmDG-kmo7ly), para 48",settlement,FALSE
2025-06-19,exact,"Defendants' letter rejecting offer; 'Final' counteroffer $7,359,766.00 (15% minority discount) plus $1,617,761.00 claimed unpaid partnership profit through Dec 2024",Mediation brief,"Mediation Brief pp.8, 10 (Exhibit L; NOT LOCATED). Figure printed in brief as '$7,359.766.00' — typo in our brief.",settlement,TRUE
2025-06-19,exact,"Esraelian's counteroffer, itemized: TIC buy-out $5,198,366 (using the AVERAGE of the two appraisals, $16,160,000, less a 15% minority discount); Partnership buy-out $1,162,875 — IDENTICAL TO OUR OWN FIGURE; 10% buy-out discount applied to both = $5,725,117; plus $1,617,761 unpaid partnership profit through Dec 2024 with retains and interest; PLUS an unquantified pro-rata share of BIOGAS AND FEEDSTOCK LEASE CREDITS — an issue appearing nowhere else in the record. Total $7,359,766 plus 2025 profit plus credits.",Email exhibit,"Complaint Exhibits (bound into defendants' mediation brief, Drive 1BD14JDeC0VTQGemgiFgWkjmDG-kmo7ly), Ex. U",settlement,FALSE
2025-06-20,exact,"Plaintiff sends a third letter asking the status of the offer. NOTE: crossed with defendants' rejection letter dated June 19, 2025. (Complaint Ex. T — not in workspace)",Complaint,"Complaint (Ex. E to defendants' mediation brief, Drive 1BD14JDeC0VTQGemgiFgWkjmDG-kmo7ly), para 49",settlement,FALSE
2025-06-25,exact,"Plaintiff receives defendants' June 19, 2025 letter",Mediation brief,Mediation Brief p.8,settlement,TRUE
2025-10-16,exact,"COMPLAINT SIGNED AND FILED — Superior Court of California, County of Tulare, Visalia Division. Ten causes of action: breach of contract, breach of implied covenant, and declaratory relief against each of the Settlement Agreement, TIC Agreement and Partnership Agreement. PUNITIVE DAMAGES pleaded under Civ. Code 3294 in counts 3, 6 and 9. Prayer asks the court to order defendants to EMPLOY Correia-Xavier and Moss Adams. Clerk file stamp reads OCT 2025 (day digit illegible).",Complaint,"Complaint (Ex. E to defendants' mediation brief, Drive 1BD14JDeC0VTQGemgiFgWkjmDG-kmo7ly), signature block and clerk stamp, p.1 and p.28",litigation,FALSE
2026-00-00,NOT ESTABLISHED,DEFECT: The 998 offer itself is UNDATED — 'Dated: ______' blank on both the offer and the Request to Enter Judgment.,Document,"998 offer FINAL.pdf, signature blocks",litigation-adverse,FALSE
2026-01-21,exact,"DEFENDANTS' MEDIATION BRIEF (Thompson / Cunningham, Whitney Thompson & Jeffcoach) to Hon. Timothy R. Volkmann (Ret.), JAMS Ref. No. 7110001065. Marked CONFIDENTIAL SETTLEMENT COMMUNICATIONS - EVIDENCE CODE 1152. Attaches Settlement Agreement (Ex. A), TIC Agreement (Ex. B), Partnership Agreement (Ex. C), schedule of appraisal errors (Ex. D), and the COMPLAINT (Ex. E). Alleges breach of the $100,000 borrowing covenant, failure to keep Hazel informed, failure to distribute, and misappropriation of corporate opportunities. States no discovery has taken place, no trial date set, open-ended extension to respond to the Complaint.",Defendants mediation brief,"2026.01.21 Garabedian-Leal Mediation Brief (Drive 1BD14JDeC0VTQGemgiFgWkjmDG-kmo7ly), pp.1-5",litigation-adverse,FALSE
2026-01-21,exact,Garabedian-Leal Mediation Brief dated (Drive 1BD14JDeC0VTQGemgiFgWkjmDG-kmo7ly) — NOT YET REVIEWED,Document metadata,Drive file title and date,litigation,FALSE
2026-01-28,exact,"Mediation before Hon. Timothy Volkmann (Ret.), JAMS, 10:00 a.m.",Mediation brief,Mediation Brief caption,litigation,TRUE
2026-01-29,exact (Drive timestamp),"Day after the 1/28/2026 JAMS mediation: client saves an AI-chat reply recounting mediation communications (opposing $6,000,000 demand incl. ~$1.6M EBITDA-based 'unpaid profits 2015-2022') to personal Drive. Evid. Code 1119/1152 exposure — see A-37, OI-44.",Client Drive document,"'Makes sense but the 6 million is actually instead ...', Drive 12pchHdQGaN_7pZ-XfOqAqQyw2OF-2X9ZROkIOiON5AU; extract in 01-verified-facts/drive-sweep/drafts-proposals-sweep.md",litigation,FALSE
2026-01-31,exact (Drive timestamps; wave runs 1/31-2/2),"First wave of AI-generated settlement drafts created in client's personal Drive: $4,900,000 structures (with-interest $658,345.21; WITHOUT-interest variant offering zero interest; 72-hour-ultimatum demand letter; release drafts). First appearance of the $262,592/$319,055 offset stack ($56,463 component marked 'Needs verification'). All reject historical profits incl. periods covered by the 8/30/2022-agreed $850,894.54. INTERNAL DRAFTS — never established as sent. See A-29 to A-32.",Client Drive documents (6 files),"Drive IDs in manifest, 01-verified-facts/drive-sweep/drafts-proposals-sweep.md",litigation,FALSE
2026-02-00,day-illegible,"ORIGINAL CASE MANAGEMENT CONFERENCE set by clerk stamp on the Complaint for 02-1?-2026 at 9:30 a.m. (day digit illegible). The October 13, 2026 CMC is therefore a CONTINUED date. CONFIRM THE CONTINUANCE AND ANY SCHEDULING ORDER AGAINST THE DOCKET.",Complaint,"Complaint (Ex. E to defendants' mediation brief, Drive 1BD14JDeC0VTQGemgiFgWkjmDG-kmo7ly), clerk stamp, p.1",litigation,FALSE
2026-03-01,as-recited (internal draft; unverified),"Partnership 'forced to exhaust its primary operating line of credit to bridge' the matured Orozco balloon note 'solely to protect the land from foreclosure' — as recited in our 5/18/2026 draft letter. If accurate, a Settlement para. 11/11(a) authority analysis is required for the bridge borrowing itself. NOT independently documented. See OI-46.",Internal draft letter (recital),'Formal Cover Letter (Updated)' 5/18/2026; extract in 01-verified-facts/drive-sweep/drafts-proposals-sweep.md,financial,FALSE
2026-05-01,exact (Drive timestamps),"Second wave of 998 drafts created: $5,000,000 structure ($5,671,780.82 total), then $4,700,000 structure — FIRST appearance of $5,705,257.43 total, stated INSIDE the draft offer documents (contrast the served S-1, which contains no sum — memo 6.15). Non-monetary conditions (LLA, well, easements, life estate) embedded from first draft. 'Timeline of Delay' fee-motion doc also created (six of its seven events conflict with or are absent from this chronology — OI-45). INTERNAL DRAFTS.",Client Drive documents (7 files),"Drive IDs in manifest, 01-verified-facts/drive-sweep/drafts-proposals-sweep.md",litigation,FALSE
2026-05-04,exact (Drive timestamps),"Third wave: 998 + release + counsel-letter drafts naming 'Ashley Susan Garabedian'; offset changes to $332,606.12 'through May 4, 2026'; interest still stated $677,830.41 (the through-5/1 figure, unrefreshed); letter version asserts '90% contractual buyout discount and a 25% minority interest discount on the real property.' INTERNAL DRAFTS.",Client Drive documents (4 files),"Drive IDs in manifest, 01-verified-facts/drive-sweep/drafts-proposals-sweep.md",litigation,FALSE
2026-05-15,as-recited (internal draft; unverified),"Correspondence re Farm Credit refinance / exhausted operating line — referenced as 'our correspondence dated May 15, 2026' in the 5/18 draft letters. NOT located. See OI-46.",Internal draft letter (recital),5/18/2026 cover letters; extracts in 01-verified-facts/drive-sweep/drafts-proposals-sweep.md,litigation,FALSE
2026-05-18,as-recited (internal draft; unverified),11:16 AM: opposing counsel (Cunningham) communication claiming her clients 'were not aware of a balloon payment due in 2026' on the Heifer Ranch — as characterized in our same-day draft rebuttal letter. Underlying email NOT located; obtain verbatim before characterizing anywhere. See OI-41/OI-46.,Internal draft letter (recital),'Formal Cover Letter (Updated)' 5/18/2026; extract in 01-verified-facts/drive-sweep/drafts-proposals-sweep.md,litigation,FALSE
2026-05-18,exact (Drive timestamps 16:12-20:17),"Four cover-letter drafts for a $5,750,000 FLAT LUMP-SUM 998 offer created; final version fully addressed to Niki Cunningham, Esq., Wild Carter & Tipton, and signed 'Brandon M. Ormonde, Esq.' ($5,705,257.43 'Strict Contractual Baseline' + $44,742.57 'rounding premium'). The enclosure (the offer itself) NOT located. SERVICE NOT ESTABLISHED — OI-41, THE threshold 998 question. If served, the 7/2/2026 offer is a $44,742.57 REDUCTION (memo 6.14; R1 Addendum 2). FIRM-NAME NOTE (8/18/2026): defense counsel of record is Whitney Thompson & Jeffcoach — 'Wild, Carter & Tipton' is not in the case; the drafts' addressee mismatch is evidence they were never served (OI-41 update).",Client Drive documents (4 files),Drive IDs 12jDIxClD7gT793NZp0hFH8Prsa2oWW8UnxZUNNew1uM / 12LYdTj8ChqW6Crds-_vPpCveUGvJiJID6wqQoZ5nnz0 / 10ymulgEcqUhE5AsjKl2KelrmCqcdq4tZ / 1_PVcJQTx2bC53F4LklER7tN83_k7lSovwJk5AoHXevA; extracts in 01-verified-facts/drive-sweep/drafts-proposals-sweep.md,litigation,FALSE
2026-05-21,exact (Drive timestamps),"Leal Land Holdings, LLC planning documents created: 160-acre acquisition strategy/term sheet ($3,360,000; LLC of Jace/Steve/Jordan; lease-back to dairy; states Partnership 'CANNOT take title... due to the ongoing 998 buyout litigation') + two P&Ls, one funding $500,000 of the down payment via 8% 'Feed Line' draw. Settlement para. 11/11(a) and Art. VIII.A/IX.A exposure — see A-36, OI-43. INTERNAL PLANNING DOCS; whether anything proceeded is UNKNOWN.",Client Drive documents (3 files),"Drive IDs in manifest, 01-verified-facts/drive-sweep/drafts-proposals-sweep.md",transaction,FALSE
2026-07-02,exact,"Cover letter from Brandon M. Ormonde to Niki Cunningham: alternative monetary settlement offer $5,705,257.43 (principal $4,700,000 + Bypass income $327,427.02 + interest $677,830.41 @4%); conditioned on immediate cessation of partnership-funded personal expenses and draws; open 30 days. NOTE: page-2 running header misdated 'January 2, 2024'.",Correspondence,2026-7-2 BMO Atty Cunningham Ltr.pdf (1nnHz4PJtMz7wv-6b1GGwpV-0CT7Xq4we),settlement,FALSE
2026-07-08,"exact (letter date, counsel-file copy)","Previously unknown SECOND monetary letter: Ormonde to Cunningham under an Evidence Code 1152 header — 'Concurrent with this offer, we are delivering a C.C.P. 998 offer that is consistent with the specific performance requested in the complaint. As an alternative,' a monetary settlement offer of $5,705,257.43 for the Trust's partnership + real property interests 'with a release of all other claims by all parties (Civ. 1542).' Establishes the deliberate two-track architecture (998 = specific performance; money = 1152 letter). Page 2+ ('Valuation and Interest Reconciliation') not yet produced (OI-1).","7/8/2026 letter (counsel-file COPY, client scan 8/18/2026)",01-verified-facts/998-as-served-extract.md (S-14),litigation,FALSE
2026-07-09,"documented (transmittal letter, counsel-file copy)","998 offer transmitted to defense counsel: Ormonde Rascon transmittal letter dated 7/9/2026 to Niki Cunningham, Whitney Thompson & Jeffcoach ('Enclosed is the 998 Offer'), service stated as U.S. MAIL and VIA EMAIL (ncunningham@wtjlaw.com). AS-SERVED PROOF OF SERVICE STILL NOT LOCATED — the POS, signature page, and acceptance-form pages remain outstanding (OI-1). The served text DIFFERS from the Drive '998 offer FINAL.pdf' (see extract); served caption bears wrong case number VCU3627028.","Transmittal letter (counsel-file COPY, client scan 8/18/2026)",01-verified-facts/998-as-served-extract.md (S-14),litigation,FALSE
2026-08-01,computed,"Cover letter's own 30-day window expires (30 days from July 2, 2026 letter date). COMPUTATION ONLY — legal effect addressed in R1.",Computation,Derived from 2026-7-2 BMO Atty Cunningham Ltr.pdf,computed-deadline,FALSE
2026-08-08,computed,CCP 998(b)(2) 30-day period expires if service occurred 7/9/2026 (30 calendar days). COMPUTATION ONLY.,Computation,Derived from reported 7/9/2026 service date,computed-deadline,FALSE
2026-08-13,computed,"CCP 998(b)(2) period as extended by CCP 1013 five-day mail extension, IF that extension applies to 998 acceptance (contested — see R1). COMPUTATION ONLY. UPDATE 8/18: service was by MAIL AND EMAIL (7/9 transmittal); an e-service variant (CCP 1010.6, if applicable) computes to 8/12; the 30-day/court-day floor computes to 8/10. ALL variants expired before 8/18. See R1 Addendum 3.",Computation,Derived from reported 7/9/2026 service date,computed-deadline,FALSE
2026-08-18,exact,Date of this workspace. ALL COMPUTED 998 ACCEPTANCE WINDOWS ABOVE HAVE PASSED under every method of computation.,Workspace,Prepared 2026-08-18,computed-deadline,FALSE
2026-08-24,NOT ESTABLISHED,"Escrow closing. NO ESCROW FILE, INSTRUCTIONS, OR CONFIRMATION IN RECORD. Date is a tasking input only.",No source,No responsive document located,transaction,FALSE
2026-09-15,deadline,DEADLINE: materials to litigation counsel,Tasking instruction,Workspace tasking,deadline,FALSE
2026-10-13,deadline,CASE MANAGEMENT CONFERENCE,Tasking instruction,Workspace tasking — CONFIRM AGAINST COURT DOCKET,deadline,FALSE
